{
  "MAE_min": 9.34067522012769,
  "RMSE_min": 11.91046428189194,
  "R2": 0.8972068125073173,
  "n_test": 80
}